Factura,NumeroStock,Descripcion,Cantidad,Fecha,PrecioUnitario,IDcliente,Pais
536370,10002,INFLATABLE POLITICAL GLOBE ,48,2010-12-01,0.85,12583,France
536382,10002,INFLATABLE POLITICAL GLOBE ,12,2010-12-01,0.85,16098,United Kingdom
536863,10002,INFLATABLE POLITICAL GLOBE ,1,2010-12-03,0.85,17967,United Kingdom
537047,10002,INFLATABLE POLITICAL GLOBE ,1,2010-12-05,0.85,13069,United Kingdom
537227,10002,INFLATABLE POLITICAL GLOBE ,24,2010-12-06,0.85,17677,United Kingdom
537770,10002,INFLATABLE POLITICAL GLOBE ,12,2010-12-09,0.85,15529,United Kingdom
538069,10002,INFLATABLE POLITICAL GLOBE ,8,2010-12-10,0.85,16795,United Kingdom
538086,10002,INFLATABLE POLITICAL GLOBE ,10,2010-12-10,0.85,12872,United Kingdom
538093,10002,INFLATABLE POLITICAL GLOBE ,12,2010-12-10,0.85,12682,France
538167,10002,INFLATABLE POLITICAL GLOBE ,12,2010-12-10,0.85,14713,United Kingdom
538196,10002,INFLATABLE POLITICAL GLOBE ,36,2010-12-10,0.85,12731,France
538255,10002,INFLATABLE POLITICAL GLOBE ,12,2010-12-11,0.85,14911,EIRE
538593,10002,INFLATABLE POLITICAL GLOBE ,24,2010-12-13,0.85,16701,United Kingdom
538853,10002,INFLATABLE POLITICAL GLOBE ,4,2010-12-15,0.85,16805,United Kingdom
538890,10002,INFLATABLE POLITICAL GLOBE ,3,2010-12-15,0.85,12867,United Kingdom
539322,10002,INFLATABLE POLITICAL GLOBE ,5,2010-12-17,0.85,14713,United Kingdom
540239,10002,INFLATABLE POLITICAL GLOBE ,12,2011-01-06,0.85,12682,France
540277,10002,INFLATABLE POLITICAL GLOBE ,60,2011-01-07,0.85,14258,United Kingdom
540732,10002,INFLATABLE POLITICAL GLOBE ,12,2011-01-11,0.85,16122,United Kingdom
540798,10002,INFLATABLE POLITICAL GLOBE ,12,2011-01-12,0.85,17365,United Kingdom
541094,10002,INFLATABLE POLITICAL GLOBE ,11,2011-01-14,0.85,13246,United Kingdom
541248,10002,INFLATABLE POLITICAL GLOBE ,1,2011-01-17,0.85,12748,United Kingdom
541262,10002,INFLATABLE POLITICAL GLOBE ,6,2011-01-17,0.85,18069,United Kingdom
541277,10002,INFLATABLE POLITICAL GLOBE ,1,2011-01-17,0.85,12673,Germany
541491,10002,INFLATABLE POLITICAL GLOBE ,24,2011-01-19,0.85,12510,Spain
541518,10002,INFLATABLE POLITICAL GLOBE ,12,2011-01-19,0.85,12451,Switzerland
541615,10002,INFLATABLE POLITICAL GLOBE ,6,2011-01-20,0.85,16395,United Kingdom
541631,10002,INFLATABLE POLITICAL GLOBE ,12,2011-01-20,0.85,12637,France
541698,10002,INFLATABLE POLITICAL GLOBE ,18,2011-01-21,0.85,14713,United Kingdom
536863,10120,DOGGY RUBBER,1,2010-12-03,0.21,17967,United Kingdom
536987,10120,DOGGY RUBBER,2,2010-12-04,0.21,17198,United Kingdom
537769,10120,DOGGY RUBBER,12,2010-12-09,0.21,15021,United Kingdom
538205,10120,DOGGY RUBBER,1,2010-12-10,0.21,12748,United Kingdom
536464,10125,MINI FUNKY DESIGN TAPES,2,2010-12-02,0.85,17968,United Kingdom
537351,10125,MINI FUNKY DESIGN TAPES,1,2010-12-07,0.85,16898,United Kingdom
537689,10125,MINI FUNKY DESIGN TAPES,20,2010-12-08,0.85,15750,United Kingdom
537850,10125,MINI FUNKY DESIGN TAPES,20,2010-12-09,0.85,16722,United Kingdom
538558,10125,MINI FUNKY DESIGN TAPES,20,2010-12-13,0.42,13069,United Kingdom
538896,10125,MINI FUNKY DESIGN TAPES,20,2010-12-15,0.42,16145,United Kingdom
538991,10125,MINI FUNKY DESIGN TAPES,60,2010-12-15,0.42,17511,United Kingdom
540263,10125,MINI FUNKY DESIGN TAPES,40,2011-01-06,0.42,18062,United Kingdom
540351,10125,MINI FUNKY DESIGN TAPES,20,2011-01-07,0.42,12735,France
540458,10125,MINI FUNKY DESIGN TAPES,20,2011-01-08,0.42,12501,Germany
540562,10125,MINI FUNKY DESIGN TAPES,20,2011-01-10,0.42,12524,Germany
540595,10125,MINI FUNKY DESIGN TAPES,20,2011-01-10,0.42,14321,United Kingdom
540692,10125,MINI FUNKY DESIGN TAPES,20,2011-01-11,0.42,14320,United Kingdom
541566,10125,MINI FUNKY DESIGN TAPES,20,2011-01-19,0.42,17722,United Kingdom
536446,10133,COLOURING PENCILS BROWN TUBE,5,2010-12-02,0.85,15983,United Kingdom
537126,10133,COLOURING PENCILS BROWN TUBE,1,2010-12-06,0.85,18118,United Kingdom
537155,10133,COLOURING PENCILS BROWN TUBE,3,2010-12-06,0.85,12748,United Kingdom
537225,10133,COLOURING PENCILS BROWN TUBE,10,2010-12-06,0.85,12748,United Kingdom
537374,10133,COLOURING PENCILS BROWN TUBE,2,2010-12-07,0.85,17259,United Kingdom
538064,10133,COLOURING PENCILS BROWN TUBE,2,2010-12-10,0.85,15271,United Kingdom
538070,10133,COLOURING PENCILS BROWN TUBE,10,2010-12-10,0.85,16519,United Kingdom
539222,10133,COLOURING PENCILS BROWN TUBE,10,2010-12-17,0.85,14621,United Kingdom
539240,10133,COLOURING PENCILS BROWN TUBE,20,2010-12-17,0.42,15194,United Kingdom
539252,10133,COLOURING PENCILS BROWN TUBE,20,2010-12-17,0.42,17744,United Kingdom
539353,10133,COLOURING PENCILS BROWN TUBE,20,2010-12-17,0.42,12782,Portugal
539477,10133,COLOURING PENCILS BROWN TUBE,10,2010-12-20,0.85,18245,United Kingdom
539933,10133,COLOURING PENCILS BROWN TUBE,10,2010-12-23,0.85,15235,United Kingdom
540595,10133,COLOURING PENCILS BROWN TUBE,20,2011-01-10,0.42,14321,United Kingdom
541594,10133,COLOURING PENCILS BROWN TUBE,20,2011-01-20,0.42,14916,United Kingdom
541699,10133,COLOURING PENCILS BROWN TUBE,40,2011-01-21,0.42,17744,United Kingdom
536621,10135,COLOURING PENCILS BROWN TUBE,10,2010-12-02,1.25,13108,United Kingdom
537126,10135,COLOURING PENCILS BROWN TUBE,1,2010-12-06,1.25,18118,United Kingdom
537129,10135,COLOURING PENCILS BROWN TUBE,10,2010-12-06,1.25,13506,United Kingdom
537888,10135,COLOURING PENCILS BROWN TUBE,10,2010-12-09,1.25,15358,United Kingdom
538197,10135,COLOURING PENCILS BROWN TUBE,4,2010-12-10,1.25,14419,United Kingdom
538361,10135,COLOURING PENCILS BROWN TUBE,1,2010-12-11,1.25,17757,United Kingdom
538558,10135,COLOURING PENCILS BROWN TUBE,40,2010-12-13,0.42,13069,United Kingdom
538710,10135,COLOURING PENCILS BROWN TUBE,20,2010-12-14,0.42,18075,United Kingdom
538902,10135,COLOURING PENCILS BROWN TUBE,20,2010-12-15,0.42,14150,United Kingdom
539036,10135,COLOURING PENCILS BROWN TUBE,20,2010-12-16,0.42,14913,United Kingdom
539250,10135,COLOURING PENCILS BROWN TUBE,20,2010-12-17,0.42,15157,United Kingdom
539252,10135,COLOURING PENCILS BROWN TUBE,40,2010-12-17,0.42,17744,United Kingdom
539257,10135,COLOURING PENCILS BROWN TUBE,20,2010-12-17,0.42,16210,United Kingdom
539262,10135,COLOURING PENCILS BROWN TUBE,20,2010-12-17,0.42,15789,United Kingdom
539307,10135,COLOURING PENCILS BROWN TUBE,100,2010-12-17,0.42,13694,United Kingdom
539498,10135,COLOURING PENCILS BROWN TUBE,20,2010-12-20,0.42,15279,United Kingdom
539933,10135,COLOURING PENCILS BROWN TUBE,10,2010-12-23,1.25,15235,United Kingdom
540113,10135,COLOURING PENCILS BROWN TUBE,20,2011-01-05,0.42,13126,United Kingdom
540167,10135,COLOURING PENCILS BROWN TUBE,20,2011-01-06,0.42,16600,United Kingdom
540182,10135,COLOURING PENCILS BROWN TUBE,20,2011-01-06,0.42,14739,United Kingdom
540259,10135,COLOURING PENCILS BROWN TUBE,40,2011-01-06,0.42,18226,United Kingdom
540477,10135,COLOURING PENCILS BROWN TUBE,20,2011-01-08,0.42,13233,United Kingdom
540501,10135,COLOURING PENCILS BROWN TUBE,40,2011-01-09,0.42,13162,United Kingdom
540690,10135,COLOURING PENCILS BROWN TUBE,20,2011-01-11,0.42,13473,United Kingdom
540732,10135,COLOURING PENCILS BROWN TUBE,40,2011-01-11,0.42,16122,United Kingdom
541588,10135,COLOURING PENCILS BROWN TUBE,10,2011-01-20,1.25,14307,United Kingdom
541594,10135,COLOURING PENCILS BROWN TUBE,20,2011-01-20,0.42,14916,United Kingdom
541698,10135,COLOURING PENCILS BROWN TUBE,28,2011-01-21,1.25,14713,United Kingdom
541699,10135,COLOURING PENCILS BROWN TUBE,100,2011-01-21,0.42,17744,United Kingdom
541792,10135,COLOURING PENCILS BROWN TUBE,10,2011-01-22,1.25,17094,United Kingdom
537050,11001,ASSTD DESIGN RACING CAR PEN,16,2010-12-05,1.69,14800,United Kingdom
537689,11001,ASSTD DESIGN RACING CAR PEN,16,2010-12-08,1.69,15750,United Kingdom
537775,11001,ASSTD DESIGN RACING CAR PEN,16,2010-12-09,1.69,17722,United Kingdom
538073,11001,ASSTD DESIGN RACING CAR PEN,1,2010-12-10,1.69,17816,United Kingdom
539421,11001,ASSTD DESIGN RACING CAR PEN,16,2010-12-18,1.69,14016,EIRE
540509,11001,ASSTD DESIGN RACING CAR PEN,16,2011-01-09,1.69,14800,United Kingdom
540546,11001,ASSTD DESIGN RACING CAR PEN,16,2011-01-10,1.69,12766,Portugal
537196,15034,PAPER POCKET TRAVELING FAN ,1,2010-12-06,0.14,15426,United Kingdom
537222,15034,PAPER POCKET TRAVELING FAN ,1,2010-12-06,0.14,14404,United Kingdom
537758,15034,PAPER POCKET TRAVELING FAN ,24,2010-12-08,0.14,16122,United Kingdom
538853,15034,PAPER POCKET TRAVELING FAN ,12,2010-12-15,0.14,16805,United Kingdom
540372,15034,PAPER POCKET TRAVELING FAN ,168,2011-01-07,0.14,13081,United Kingdom
536778,15036,ASSORTED COLOURS SILK FAN,12,2010-12-03,0.75,13138,United Kingdom
536805,15036,ASSORTED COLOURS SILK FAN,12,2010-12-03,0.75,14775,United Kingdom
536838,15036,ASSORTED COLOURS SILK FAN,24,2010-12-03,0.75,14865,United Kingdom
536946,15036,ASSORTED COLOURS SILK FAN,12,2010-12-04,0.75,13013,United Kingdom
537136,15036,ASSORTED COLOURS SILK FAN,12,2010-12-06,0.75,12748,United Kingdom
537775,15036,ASSORTED COLOURS SILK FAN,12,2010-12-09,0.75,17722,United Kingdom
538853,15036,ASSORTED COLOURS SILK FAN,12,2010-12-15,0.75,16805,United Kingdom
539079,15036,ASSORTED COLOURS SILK FAN,12,2010-12-16,0.75,17496,United Kingdom
539752,15036,ASSORTED COLOURS SILK FAN,12,2010-12-22,0.75,12515,Italy
539760,15036,ASSORTED COLOURS SILK FAN,12,2010-12-22,0.75,17400,United Kingdom
540348,15036,ASSORTED COLOURS SILK FAN,12,2011-01-07,0.75,12841,United Kingdom
540798,15036,ASSORTED COLOURS SILK FAN,12,2011-01-12,0.75,17365,United Kingdom
541004,15036,ASSORTED COLOURS SILK FAN,24,2011-01-13,0.75,18190,United Kingdom
541106,15036,ASSORTED COLOURS SILK FAN,96,2011-01-14,0.75,18092,United Kingdom
541571,15036,ASSORTED COLOURS SILK FAN,12,2011-01-20,0.75,12841,United Kingdom
537137,15039,SANDALWOOD FAN,3,2010-12-06,0.85,16327,United Kingdom
537225,15039,SANDALWOOD FAN,12,2010-12-06,0.85,12748,United Kingdom
538558,15039,SANDALWOOD FAN,2,2010-12-13,0.85,13069,United Kingdom
540348,15039,SANDALWOOD FAN,4,2011-01-07,0.85,12841,United Kingdom
541571,15039,SANDALWOOD FAN,4,2011-01-20,0.85,12841,United Kingdom
538073,16008,SMALL FOLDING SCISSOR(POINTED EDGE),2,2010-12-10,0.25,17816,United Kingdom
538652,16008,SMALL FOLDING SCISSOR(POINTED EDGE),12,2010-12-14,0.25,17890,United Kingdom
537225,16010,FOLDING CAMPING SCISSOR W/KNIF & S,12,2010-12-06,0.12,12748,United Kingdom
537140,16011,ANIMAL STICKERS,5,2010-12-06,0.21,12748,United Kingdom
537362,16011,ANIMAL STICKERS,41,2010-12-07,0.21,17596,United Kingdom
539036,16011,ANIMAL STICKERS,24,2010-12-16,0.21,14913,United Kingdom
539213,16011,ANIMAL STICKERS,24,2010-12-17,0.21,12877,United Kingdom
540672,16011,ANIMAL STICKERS,24,2011-01-11,0.21,15281,United Kingdom
540798,16011,ANIMAL STICKERS,120,2011-01-12,0.21,17365,United Kingdom
541012,16011,ANIMAL STICKERS,23,2011-01-13,0.21,17019,United Kingdom
536743,16012,FOOD/DRINK SPONGE STICKERS,24,2010-12-03,0.21,17964,United Kingdom
538888,16012,FOOD/DRINK SPONGE STICKERS,48,2010-12-15,0.21,17912,United Kingdom
539036,16012,FOOD/DRINK SPONGE STICKERS,24,2010-12-16,0.21,14913,United Kingdom
539213,16012,FOOD/DRINK SPONGE STICKERS,24,2010-12-17,0.21,12877,United Kingdom
540672,16012,FOOD/DRINK SPONGE STICKERS,24,2011-01-11,0.21,15281,United Kingdom
541500,16012,FOOD/DRINK SPONGE STICKERS,48,2011-01-19,0.21,18041,United Kingdom
536446,16014,SMALL CHINESE STYLE SCISSOR,10,2010-12-02,0.42,15983,United Kingdom
537200,16014,SMALL CHINESE STYLE SCISSOR,4,2010-12-06,0.42,15867,United Kingdom
537841,16014,SMALL CHINESE STYLE SCISSOR,1000,2010-12-09,0.32,13848,United Kingdom
538073,16014,SMALL CHINESE STYLE SCISSOR,1,2010-12-10,0.42,17816,United Kingdom
538652,16014,SMALL CHINESE STYLE SCISSOR,4,2010-12-14,0.42,17890,United Kingdom
539463,16014,SMALL CHINESE STYLE SCISSOR,10,2010-12-19,0.42,18077,United Kingdom
538073,16015,MEDIUM CHINESE STYLE SCISSOR,1,2010-12-10,0.5,17816,United Kingdom
539463,16015,MEDIUM CHINESE STYLE SCISSOR,20,2010-12-19,0.5,18077,United Kingdom
536446,16016,LARGE CHINESE STYLE SCISSOR,10,2010-12-02,0.85,15983,United Kingdom
536983,16016,LARGE CHINESE STYLE SCISSOR,10,2010-12-04,0.85,12712,Germany
537362,16016,LARGE CHINESE STYLE SCISSOR,2,2010-12-07,0.85,17596,United Kingdom
538073,16016,LARGE CHINESE STYLE SCISSOR,2,2010-12-10,0.85,17816,United Kingdom
538652,16016,LARGE CHINESE STYLE SCISSOR,4,2010-12-14,0.85,17890,United Kingdom
540955,16016,LARGE CHINESE STYLE SCISSOR,20,2011-01-13,0.85,14715,United Kingdom
538367,16033,MINI HIGHLIGHTER PENS,120,2010-12-12,0.12,14800,United Kingdom
539628,16033,MINI HIGHLIGHTER PENS,120,2010-12-21,0.12,18097,United Kingdom
539840,16045,POPART WOODEN PENCILS ASST,100,2010-12-23,0.12,12383,Belgium
536637,16046,TEATIME PEN CASE & PENS,1,2010-12-02,0.85,18041,United Kingdom
538250,16046,TEATIME PEN CASE & PENS,9,2010-12-11,0.85,18118,United Kingdom
539261,16048,TEATIME ROUND PENCIL SHARPENER ,24,2010-12-17,0.42,15620,United Kingdom
538207,16054,POPART RECT PENCIL SHARPENER ASST,2,2010-12-10,0.42,12748,United Kingdom
538510,16216,LETTER SHAPE PENCIL SHARPENER,10,2010-12-13,0.16,18004,United Kingdom
538597,16216,LETTER SHAPE PENCIL SHARPENER,10,2010-12-14,0.16,15555,United Kingdom
538421,16218,CARTOON  PENCIL SHARPENERS,5,2010-12-13,0.16,17917,United Kingdom
539261,16219,HOUSE SHAPE PENCIL SHARPENER,12,2010-12-17,0.21,15620,United Kingdom
538367,16225,RATTLE SNAKE EGGS,10,2010-12-12,1.25,14800,United Kingdom
539036,16225,RATTLE SNAKE EGGS,24,2010-12-16,0.42,14913,United Kingdom
539048,16225,RATTLE SNAKE EGGS,192,2010-12-16,0.42,17752,United Kingdom
539261,16225,RATTLE SNAKE EGGS,12,2010-12-17,1.25,15620,United Kingdom
539262,16225,RATTLE SNAKE EGGS,24,2010-12-17,0.42,15789,United Kingdom
540240,16225,RATTLE SNAKE EGGS,24,2011-01-06,0.42,17585,United Kingdom
540732,16225,RATTLE SNAKE EGGS,48,2011-01-11,0.42,16122,United Kingdom
541649,16225,RATTLE SNAKE EGGS,24,2011-01-20,0.42,17418,United Kingdom
536674,16235,RECYCLED PENCIL WITH RABBIT ERASER,48,2010-12-03,0.21,15923,United Kingdom
537772,16235,RECYCLED PENCIL WITH RABBIT ERASER,3,2010-12-09,0.21,18043,United Kingdom
538174,16235,RECYCLED PENCIL WITH RABBIT ERASER,60,2010-12-10,0.21,12471,Germany
540595,16235,RECYCLED PENCIL WITH RABBIT ERASER,60,2011-01-10,0.21,14321,United Kingdom
541038,16235,RECYCLED PENCIL WITH RABBIT ERASER,12,2011-01-14,0.21,16395,United Kingdom
541277,16235,RECYCLED PENCIL WITH RABBIT ERASER,30,2011-01-17,0.21,12673,Germany
538205,16236,KITTY PENCIL ERASERS,1,2010-12-10,0.21,12748,United Kingdom
539261,16236,KITTY PENCIL ERASERS,28,2010-12-17,0.21,15620,United Kingdom
539324,16236,KITTY PENCIL ERASERS,12,2010-12-17,0.21,14985,United Kingdom
540473,16236,KITTY PENCIL ERASERS,3,2011-01-08,0.21,17284,United Kingdom
540642,16236,KITTY PENCIL ERASERS,28,2011-01-11,0.21,12681,France
536408,16237,SLEEPING CAT ERASERS,30,2010-12-01,0.21,14307,United Kingdom
536587,16237,SLEEPING CAT ERASERS,30,2010-12-02,0.21,14142,United Kingdom
536783,16237,SLEEPING CAT ERASERS,270,2010-12-03,0.16,15061,United Kingdom
536784,16237,SLEEPING CAT ERASERS,90,2010-12-03,0.16,15061,United Kingdom
536863,16237,SLEEPING CAT ERASERS,1,2010-12-03,0.21,17967,United Kingdom
536987,16237,SLEEPING CAT ERASERS,1,2010-12-04,0.21,17198,United Kingdom
537023,16237,SLEEPING CAT ERASERS,1,2010-12-04,0.21,16725,United Kingdom
537050,16237,SLEEPING CAT ERASERS,30,2010-12-05,0.21,14800,United Kingdom
537758,16237,SLEEPING CAT ERASERS,30,2010-12-08,0.21,16122,United Kingdom
537829,16237,SLEEPING CAT ERASERS,30,2010-12-09,0.21,15498,United Kingdom
538077,16237,SLEEPING CAT ERASERS,8,2010-12-10,0.21,14667,United Kingdom
538205,16237,SLEEPING CAT ERASERS,1,2010-12-10,0.21,12748,United Kingdom
538209,16237,SLEEPING CAT ERASERS,10,2010-12-10,0.21,12748,United Kingdom
538707,16237,SLEEPING CAT ERASERS,2,2010-12-14,0.21,17894,United Kingdom
538902,16237,SLEEPING CAT ERASERS,30,2010-12-15,0.21,14150,United Kingdom
540273,16237,SLEEPING CAT ERASERS,60,2011-01-06,0.21,17368,United Kingdom
540387,16237,SLEEPING CAT ERASERS,30,2011-01-07,0.21,16306,United Kingdom
540473,16237,SLEEPING CAT ERASERS,3,2011-01-08,0.21,17284,United Kingdom
540642,16237,SLEEPING CAT ERASERS,30,2011-01-11,0.21,12681,France
540648,16237,SLEEPING CAT ERASERS,90,2011-01-11,0.16,15061,United Kingdom
541488,16237,SLEEPING CAT ERASERS,90,2011-01-19,0.16,15061,United Kingdom
536409,16238,PARTY TIME PENCIL ERASERS,28,2010-12-01,0.21,17908,United Kingdom
536987,16238,PARTY TIME PENCIL ERASERS,1,2010-12-04,0.21,17198,United Kingdom
537065,16238,PARTY TIME PENCIL ERASERS,28,2010-12-05,0.21,12567,France
540642,16238,PARTY TIME PENCIL ERASERS,28,2011-01-11,0.21,12681,France
536587,17003,BROCADE RING PURSE ,36,2010-12-02,0.21,14142,United Kingdom
536813,17003,BROCADE RING PURSE ,36,2010-12-03,0.21,15646,United Kingdom
537209,17003,BROCADE RING PURSE ,3,2010-12-06,0.21,14606,United Kingdom
537214,17003,BROCADE RING PURSE ,720,2010-12-06,0.16,16422,United Kingdom
537301,17003,BROCADE RING PURSE ,36,2010-12-06,0.21,15860,United Kingdom
537362,17003,BROCADE RING PURSE ,144,2010-12-07,0.21,17596,United Kingdom
537894,17003,BROCADE RING PURSE ,36,2010-12-09,0.21,12621,Germany
538198,17003,BROCADE RING PURSE ,36,2010-12-10,0.21,17827,United Kingdom
539041,17003,BROCADE RING PURSE ,36,2010-12-16,0.21,15456,United Kingdom
539086,17003,BROCADE RING PURSE ,36,2010-12-16,0.21,17001,United Kingdom
540161,17003,BROCADE RING PURSE ,108,2011-01-05,0.21,16719,United Kingdom
540245,17003,BROCADE RING PURSE ,720,2011-01-06,0.16,13082,United Kingdom
540524,17003,BROCADE RING PURSE ,36,2011-01-10,0.21,16735,United Kingdom
540953,17003,BROCADE RING PURSE ,6,2011-01-13,0.21,14587,United Kingdom
541479,17003,BROCADE RING PURSE ,720,2011-01-18,0.16,16422,United Kingdom
541564,17003,BROCADE RING PURSE ,36,2011-01-19,0.21,16904,United Kingdom
541683,17003,BROCADE RING PURSE ,72,2011-01-21,0.21,14085,United Kingdom
536437,17021,NAMASTE SWAGAT INCENSE,600,2010-12-02,0.24,13694,United Kingdom
537422,17021,NAMASTE SWAGAT INCENSE,2,2010-12-07,0.3,17812,United Kingdom
538635,17021,NAMASTE SWAGAT INCENSE,12,2010-12-14,0.3,17303,United Kingdom
538658,17021,NAMASTE SWAGAT INCENSE,6,2010-12-14,0.3,17969,United Kingdom
539039,17021,NAMASTE SWAGAT INCENSE,30,2010-12-16,0.3,13124,United Kingdom
539981,17021,NAMASTE SWAGAT INCENSE,36,2010-12-24,0.3,13304,United Kingdom
540703,17021,NAMASTE SWAGAT INCENSE,600,2011-01-11,0.24,14135,United Kingdom
537618,17038,PORCELAIN BUDAH INCENSE HOLDER,100,2010-12-08,0.07,15061,United Kingdom
540249,17038,PORCELAIN BUDAH INCENSE HOLDER,100,2011-01-06,0.1,15298,United Kingdom
540687,17038,PORCELAIN BUDAH INCENSE HOLDER,8,2011-01-11,0.1,15867,United Kingdom
538420,17096,ASSORTED LAQUERED INCENSE HOLDERS,1728,2010-12-13,0.17,12875,United Kingdom
540249,17096,ASSORTED LAQUERED INCENSE HOLDERS,48,2011-01-06,0.21,15298,United Kingdom
540687,17096,ASSORTED LAQUERED INCENSE HOLDERS,5,2011-01-11,0.21,15867,United Kingdom
541280,17096,ASSORTED LAQUERED INCENSE HOLDERS,48,2011-01-17,0.21,15296,United Kingdom
541248,17174,ASSTD RASTA KEY-CHAINS,1,2011-01-17,0.42,12748,United Kingdom
537241,18007,ESSENTIAL BALM 3.5g TIN IN ENVELOPE,24,2010-12-06,0.18,14293,United Kingdom
537351,18007,ESSENTIAL BALM 3.5g TIN IN ENVELOPE,1,2010-12-07,0.18,16898,United Kingdom
539185,18007,ESSENTIAL BALM 3.5g TIN IN ENVELOPE,20,2010-12-16,0.18,16470,United Kingdom
539261,18007,ESSENTIAL BALM 3.5g TIN IN ENVELOPE,24,2010-12-17,0.18,15620,United Kingdom
541518,18007,ESSENTIAL BALM 3.5g TIN IN ENVELOPE,24,2011-01-19,0.18,12451,Switzerland
536845,20615,BLUE POLKADOT PASSPORT COVER,1,2010-12-03,2.1,17961,United Kingdom
536987,20615,BLUE POLKADOT PASSPORT COVER,1,2010-12-04,2.1,17198,United Kingdom
537050,20615,BLUE POLKADOT PASSPORT COVER,1,2010-12-05,2.1,14800,United Kingdom
537209,20615,BLUE POLKADOT PASSPORT COVER,1,2010-12-06,2.1,14606,United Kingdom
539321,20615,BLUE POLKADOT PASSPORT COVER,1,2010-12-17,2.1,14723,United Kingdom
541289,20615,BLUE POLKADOT PASSPORT COVER,1,2011-01-18,2.1,14606,United Kingdom
541564,20615,BLUE POLKADOT PASSPORT COVER,2,2011-01-19,2.1,16904,United Kingdom
536557,20616,CHERRY BLOSSOM PASSPORT COVER,2,2010-12-02,2.1,17841,United Kingdom
539307,20616,CHERRY BLOSSOM PASSPORT COVER,48,2010-12-17,0.75,13694,United Kingdom
538863,20617,FIRST CLASS PASSPORT COVER ,2,2010-12-15,2.1,16919,United Kingdom
539607,20617,FIRST CLASS PASSPORT COVER ,6,2010-12-21,2.1,12681,France
540687,20617,FIRST CLASS PASSPORT COVER ,2,2011-01-11,2.1,15867,United Kingdom
540943,20617,FIRST CLASS PASSPORT COVER ,1,2011-01-13,2.1,17841,United Kingdom
537781,20618,QUEEN OF THE SKIES PASSPORT COVER ,1,2010-12-09,2.1,17341,United Kingdom
539472,20618,QUEEN OF THE SKIES PASSPORT COVER ,1,2010-12-20,2.1,15581,United Kingdom
540021,20618,QUEEN OF THE SKIES PASSPORT COVER ,1,2011-01-05,2.1,17841,United Kingdom
540687,20618,QUEEN OF THE SKIES PASSPORT COVER ,2,2011-01-11,2.1,15867,United Kingdom
539307,20619,TROPICAL PASSPORT COVER ,48,2010-12-17,0.75,13694,United Kingdom
541564,20619,TROPICAL PASSPORT COVER ,2,2011-01-19,2.1,16904,United Kingdom
541566,20619,TROPICAL PASSPORT COVER ,24,2011-01-19,0.75,17722,United Kingdom
538799,20622,VIPPASSPORT COVER ,1,2010-12-14,2.1,15039,United Kingdom
538863,20622,VIPPASSPORT COVER ,2,2010-12-15,2.1,16919,United Kingdom
539307,20622,VIPPASSPORT COVER ,48,2010-12-17,0.75,13694,United Kingdom
541564,20622,VIPPASSPORT COVER ,2,2011-01-19,2.1,16904,United Kingdom
541566,20622,VIPPASSPORT COVER ,24,2011-01-19,0.75,17722,United Kingdom
536987,20652,BLUE POLKADOT LUGGAGE TAG ,2,2010-12-04,1.25,17198,United Kingdom
540954,20652,BLUE POLKADOT LUGGAGE TAG ,1,2011-01-13,1.25,14606,United Kingdom
541223,20652,BLUE POLKADOT LUGGAGE TAG ,1,2011-01-15,1.25,17954,United Kingdom
538198,20654,FIRST CLASS LUGGAGE TAG ,3,2010-12-10,1.25,17827,United Kingdom
538863,20654,FIRST CLASS LUGGAGE TAG ,3,2010-12-15,1.25,16919,United Kingdom
540687,20654,FIRST CLASS LUGGAGE TAG ,2,2011-01-11,1.25,15867,United Kingdom
540943,20654,FIRST CLASS LUGGAGE TAG ,1,2011-01-13,1.25,17841,United Kingdom
541223,20654,FIRST CLASS LUGGAGE TAG ,1,2011-01-15,1.25,17954,United Kingdom
541784,20654,FIRST CLASS LUGGAGE TAG ,6,2011-01-22,1.25,17277,United Kingdom
537209,20655,QUEEN OF SKIES LUGGAGE TAG,1,2010-12-06,1.25,14606,United Kingdom
537765,20655,QUEEN OF SKIES LUGGAGE TAG,1,2010-12-09,1.25,14606,United Kingdom
537808,20655,QUEEN OF SKIES LUGGAGE TAG,2,2010-12-09,1.25,15311,United Kingdom
538863,20655,QUEEN OF SKIES LUGGAGE TAG,3,2010-12-15,1.25,16919,United Kingdom
539472,20655,QUEEN OF SKIES LUGGAGE TAG,1,2010-12-20,1.25,15581,United Kingdom
540021,20655,QUEEN OF SKIES LUGGAGE TAG,1,2011-01-05,1.25,17841,United Kingdom
540687,20655,QUEEN OF SKIES LUGGAGE TAG,2,2011-01-11,1.25,15867,United Kingdom
541223,20655,QUEEN OF SKIES LUGGAGE TAG,1,2011-01-15,1.25,17954,United Kingdom
536987,20657,TROPICAL LUGGAGE TAG,1,2010-12-04,1.25,17198,United Kingdom
539053,20657,TROPICAL LUGGAGE TAG,1,2010-12-16,1.25,16725,United Kingdom
539181,20657,TROPICAL LUGGAGE TAG,1,2010-12-16,1.25,12748,United Kingdom
541223,20657,TROPICAL LUGGAGE TAG,1,2011-01-15,1.25,17954,United Kingdom
536987,20658,RED RETROSPOT LUGGAGE TAG,1,2010-12-04,1.25,17198,United Kingdom
536990,20658,RED RETROSPOT LUGGAGE TAG,12,2010-12-04,1.25,12793,Portugal
538077,20658,RED RETROSPOT LUGGAGE TAG,6,2010-12-10,1.25,14667,United Kingdom
538198,20658,RED RETROSPOT LUGGAGE TAG,3,2010-12-10,1.25,17827,United Kingdom
538863,20658,RED RETROSPOT LUGGAGE TAG,3,2010-12-15,1.25,16919,United Kingdom
538917,20658,RED RETROSPOT LUGGAGE TAG,2,2010-12-15,1.25,17449,United Kingdom
539181,20658,RED RETROSPOT LUGGAGE TAG,1,2010-12-16,1.25,12748,United Kingdom
539324,20658,RED RETROSPOT LUGGAGE TAG,1,2010-12-17,1.25,14985,United Kingdom
539471,20658,RED RETROSPOT LUGGAGE TAG,4,2010-12-20,1.25,17358,United Kingdom
540526,20658,RED RETROSPOT LUGGAGE TAG,1,2011-01-10,1.25,14606,United Kingdom
540968,20658,RED RETROSPOT LUGGAGE TAG,6,2011-01-13,1.25,17338,United Kingdom
541012,20658,RED RETROSPOT LUGGAGE TAG,4,2011-01-13,1.25,17019,United Kingdom
541223,20658,RED RETROSPOT LUGGAGE TAG,1,2011-01-15,1.25,17954,United Kingdom
541485,20658,RED RETROSPOT LUGGAGE TAG,1,2011-01-19,1.25,18118,United Kingdom
541784,20658,RED RETROSPOT LUGGAGE TAG,6,2011-01-22,1.25,17277,United Kingdom
537209,20659,ECONOMY LUGGAGE TAG,1,2010-12-06,1.25,14606,United Kingdom
538198,20659,ECONOMY LUGGAGE TAG,3,2010-12-10,1.25,17827,United Kingdom
538863,20659,ECONOMY LUGGAGE TAG,3,2010-12-15,1.25,16919,United Kingdom
541223,20659,ECONOMY LUGGAGE TAG,1,2011-01-15,1.25,17954,United Kingdom
536987,20661,BLUE POLKADOT PURSE ,1,2010-12-04,2.95,17198,United Kingdom
540943,20662,FIRST CLASS HOLIDAY PURSE ,1,2011-01-13,2.95,17841,United Kingdom
538518,20663,QUEEN OF THE SKIES HOLIDAY PURSE ,1,2010-12-13,2.95,14505,United Kingdom
540021,20663,QUEEN OF THE SKIES HOLIDAY PURSE ,1,2011-01-05,2.95,17841,United Kingdom
538421,20664,TROPICAL HOLIDAY PURSE ,2,2010-12-13,2.95,17917,United Kingdom
539053,20664,TROPICAL HOLIDAY PURSE ,1,2010-12-16,2.95,16725,United Kingdom
539760,20664,TROPICAL HOLIDAY PURSE ,3,2010-12-22,2.95,17400,United Kingdom
536796,20665,RED RETROSPOT PURSE ,1,2010-12-03,2.95,15574,United Kingdom
536947,20665,RED RETROSPOT PURSE ,6,2010-12-04,2.95,13013,United Kingdom
536956,20665,RED RETROSPOT PURSE ,6,2010-12-04,2.95,14210,United Kingdom
537065,20665,RED RETROSPOT PURSE ,6,2010-12-05,2.95,12567,France
537362,20665,RED RETROSPOT PURSE ,1,2010-12-07,2.95,17596,United Kingdom
538421,20665,RED RETROSPOT PURSE ,1,2010-12-13,2.95,17917,United Kingdom
538509,20665,RED RETROSPOT PURSE ,2,2010-12-13,2.95,14413,United Kingdom
539185,20665,RED RETROSPOT PURSE ,4,2010-12-16,2.95,16470,United Kingdom
539321,20665,RED RETROSPOT PURSE ,1,2010-12-17,2.95,14723,United Kingdom
539471,20665,RED RETROSPOT PURSE ,4,2010-12-20,2.95,17358,United Kingdom
540458,20665,RED RETROSPOT PURSE ,6,2011-01-08,2.95,12501,Germany
541269,20665,RED RETROSPOT PURSE ,6,2011-01-17,2.95,12626,Germany
538453,20666,ECONOMY HOLIDAY PURSE,1,2010-12-13,2.95,16779,United Kingdom
536390,20668,DISCO BALL CHRISTMAS DECORATION,288,2010-12-01,0.1,17511,United Kingdom
536409,20668,DISCO BALL CHRISTMAS DECORATION,24,2010-12-01,0.12,17908,United Kingdom
536557,20668,DISCO BALL CHRISTMAS DECORATION,24,2010-12-02,0.12,17841,United Kingdom
536796,20668,DISCO BALL CHRISTMAS DECORATION,10,2010-12-03,0.12,15574,United Kingdom
536813,20668,DISCO BALL CHRISTMAS DECORATION,24,2010-12-03,0.12,15646,United Kingdom
536975,20668,DISCO BALL CHRISTMAS DECORATION,48,2010-12-04,0.12,14911,EIRE
536984,20668,DISCO BALL CHRISTMAS DECORATION,24,2010-12-04,0.12,17841,United Kingdom
537201,20668,DISCO BALL CHRISTMAS DECORATION,24,2010-12-06,0.12,12472,Germany
537382,20668,DISCO BALL CHRISTMAS DECORATION,24,2010-12-07,0.12,16710,United Kingdom
537405,20668,DISCO BALL CHRISTMAS DECORATION,24,2010-12-07,0.12,17841,United Kingdom
537837,20668,DISCO BALL CHRISTMAS DECORATION,96,2010-12-09,0.12,13077,United Kingdom
537852,20668,DISCO BALL CHRISTMAS DECORATION,144,2010-12-09,0.12,17340,United Kingdom
538163,20668,DISCO BALL CHRISTMAS DECORATION,24,2010-12-10,0.12,17841,United Kingdom
538356,20668,DISCO BALL CHRISTMAS DECORATION,288,2010-12-11,0.1,14062,United Kingdom
538866,20668,DISCO BALL CHRISTMAS DECORATION,48,2010-12-15,0.12,17841,United Kingdom
538879,20668,DISCO BALL CHRISTMAS DECORATION,48,2010-12-15,0.12,15392,United Kingdom
538991,20668,DISCO BALL CHRISTMAS DECORATION,576,2010-12-15,0.1,17511,United Kingdom
539014,20668,DISCO BALL CHRISTMAS DECORATION,24,2010-12-16,0.12,17692,United Kingdom
539469,20668,DISCO BALL CHRISTMAS DECORATION,48,2010-12-20,0.12,17841,United Kingdom
539637,20668,DISCO BALL CHRISTMAS DECORATION,24,2010-12-21,0.12,14083,United Kingdom
540021,20668,DISCO BALL CHRISTMAS DECORATION,24,2011-01-05,0.12,17841,United Kingdom
540943,20668,DISCO BALL CHRISTMAS DECORATION,24,2011-01-13,0.12,17841,United Kingdom
541253,20668,DISCO BALL CHRISTMAS DECORATION,24,2011-01-17,0.12,17841,United Kingdom
536409,20669,RED HEART LUGGAGE TAG,1,2010-12-01,1.25,17908,United Kingdom
536990,20669,RED HEART LUGGAGE TAG,12,2010-12-04,1.25,12793,Portugal
538518,20669,RED HEART LUGGAGE TAG,7,2010-12-13,1.25,14505,United Kingdom
538863,20669,RED HEART LUGGAGE TAG,3,2010-12-15,1.25,16919,United Kingdom
539471,20669,RED HEART LUGGAGE TAG,3,2010-12-20,1.25,17358,United Kingdom
540473,20669,RED HEART LUGGAGE TAG,3,2011-01-08,1.25,17284,United Kingdom
540496,20669,RED HEART LUGGAGE TAG,15,2011-01-08,1.25,15485,United Kingdom
541215,20669,RED HEART LUGGAGE TAG,12,2011-01-15,1.25,14329,United Kingdom
541223,20669,RED HEART LUGGAGE TAG,1,2011-01-15,1.25,17954,United Kingdom
541371,20669,RED HEART LUGGAGE TAG,1,2011-01-18,1.25,13983,United Kingdom
541489,20669,RED HEART LUGGAGE TAG,4,2011-01-19,1.25,15023,United Kingdom
541596,20669,RED HEART LUGGAGE TAG,3,2011-01-20,1.25,17602,United Kingdom
538421,20670,VIP HOLIDAY PURSE,1,2010-12-13,2.95,17917,United Kingdom
537196,20671,BLUE TEATIME PRINT BOWL ,2,2010-12-06,1.25,15426,United Kingdom
538053,20671,BLUE TEATIME PRINT BOWL ,8,2010-12-10,1.25,15856,United Kingdom
536634,20674,GREEN POLKADOT BOWL,12,2010-12-02,1.25,18041,United Kingdom
536732,20674,GREEN POLKADOT BOWL,8,2010-12-03,1.25,15544,United Kingdom
537126,20674,GREEN POLKADOT BOWL,1,2010-12-06,1.25,18118,United Kingdom
537155,20674,GREEN POLKADOT BOWL,1,2010-12-06,1.25,12748,United Kingdom
538210,20674,GREEN POLKADOT BOWL,8,2010-12-10,1.25,14256,United Kingdom
538652,20674,GREEN POLKADOT BOWL,6,2010-12-14,1.25,17890,United Kingdom
538709,20674,GREEN POLKADOT BOWL,2,2010-12-14,1.25,16442,United Kingdom
538799,20674,GREEN POLKADOT BOWL,2,2010-12-14,1.25,15039,United Kingdom
539418,20674,GREEN POLKADOT BOWL,8,2010-12-18,1.25,17007,United Kingdom
539982,20674,GREEN POLKADOT BOWL,1,2010-12-24,1.25,15311,United Kingdom
540023,20674,GREEN POLKADOT BOWL,4,2011-01-05,1.25,15039,United Kingdom
540176,20674,GREEN POLKADOT BOWL,72,2011-01-06,1.06,17511,United Kingdom
540359,20674,GREEN POLKADOT BOWL,12,2011-01-07,1.25,18041,United Kingdom
540458,20674,GREEN POLKADOT BOWL,8,2011-01-08,1.25,12501,Germany
540680,20674,GREEN POLKADOT BOWL,1,2011-01-11,1.25,15311,United Kingdom
540866,20674,GREEN POLKADOT BOWL,16,2011-01-12,1.25,17324,United Kingdom
540994,20674,GREEN POLKADOT BOWL,8,2011-01-13,1.25,13089,United Kingdom
541122,20674,GREEN POLKADOT BOWL,8,2011-01-14,1.25,12708,Germany
541523,20674,GREEN POLKADOT BOWL,1,2011-01-19,1.25,17708,United Kingdom
541569,20674,GREEN POLKADOT BOWL,16,2011-01-20,1.25,13520,Switzerland
541575,20674,GREEN POLKADOT BOWL,12,2011-01-20,1.25,15311,United Kingdom
541711,20674,GREEN POLKADOT BOWL,16,2011-01-21,1.25,14646,Netherlands
536732,20675,BLUE POLKADOT BOWL,8,2010-12-03,1.25,15544,United Kingdom
537126,20675,BLUE POLKADOT BOWL,1,2010-12-06,1.25,18118,United Kingdom
537250,20675,BLUE POLKADOT BOWL,8,2010-12-06,1.25,12708,Germany
537262,20675,BLUE POLKADOT BOWL,1,2010-12-06,1.25,15039,United Kingdom
537457,20675,BLUE POLKADOT BOWL,72,2010-12-07,1.06,17511,United Kingdom
537885,20675,BLUE POLKADOT BOWL,8,2010-12-09,1.25,12942,United Kingdom
538210,20675,BLUE POLKADOT BOWL,8,2010-12-10,1.25,14256,United Kingdom
538374,20675,BLUE POLKADOT BOWL,1,2010-12-12,1.25,14159,United Kingdom
538567,20675,BLUE POLKADOT BOWL,8,2010-12-13,1.25,13999,United Kingdom
538651,20675,BLUE POLKADOT BOWL,1,2010-12-14,1.25,15311,United Kingdom
538652,20675,BLUE POLKADOT BOWL,6,2010-12-14,1.25,17890,United Kingdom
538709,20675,BLUE POLKADOT BOWL,2,2010-12-14,1.25,16442,United Kingdom
538799,20675,BLUE POLKADOT BOWL,2,2010-12-14,1.25,15039,United Kingdom
538855,20675,BLUE POLKADOT BOWL,8,2010-12-15,1.25,16503,United Kingdom
540023,20675,BLUE POLKADOT BOWL,8,2011-01-05,1.25,15039,United Kingdom
540157,20675,BLUE POLKADOT BOWL,1,2011-01-05,1.25,15311,United Kingdom
540267,20675,BLUE POLKADOT BOWL,72,2011-01-06,1.06,12415,Australia
540458,20675,BLUE POLKADOT BOWL,8,2011-01-08,1.25,12501,Germany
540481,20675,BLUE POLKADOT BOWL,16,2011-01-08,1.25,16955,United Kingdom
540680,20675,BLUE POLKADOT BOWL,1,2011-01-11,1.25,15311,United Kingdom
540866,20675,BLUE POLKADOT BOWL,32,2011-01-12,1.25,17324,United Kingdom
540971,20675,BLUE POLKADOT BOWL,8,2011-01-13,1.25,12383,Belgium
541206,20675,BLUE POLKADOT BOWL,72,2011-01-15,1.06,14646,Netherlands
541223,20675,BLUE POLKADOT BOWL,4,2011-01-15,1.25,17954,United Kingdom
541523,20675,BLUE POLKADOT BOWL,1,2011-01-19,1.25,17708,United Kingdom
541575,20675,BLUE POLKADOT BOWL,8,2011-01-20,1.25,15311,United Kingdom
536634,20676,RED RETROSPOT BOWL,12,2010-12-02,1.25,18041,United Kingdom
537034,20676,RED RETROSPOT BOWL,8,2010-12-04,1.25,13081,United Kingdom
537126,20676,RED RETROSPOT BOWL,1,2010-12-06,1.25,18118,United Kingdom
537214,20676,RED RETROSPOT BOWL,72,2010-12-06,1.06,16422,United Kingdom
537250,20676,RED RETROSPOT BOWL,8,2010-12-06,1.25,12708,Germany
537772,20676,RED RETROSPOT BOWL,6,2010-12-09,1.25,18043,United Kingdom
538012,20676,RED RETROSPOT BOWL,2,2010-12-10,1.25,14527,United Kingdom
538053,20676,RED RETROSPOT BOWL,16,2010-12-10,1.25,15856,United Kingdom
538108,20676,RED RETROSPOT BOWL,8,2010-12-10,1.25,17456,United Kingdom
538146,20676,RED RETROSPOT BOWL,8,2010-12-10,1.25,15596,United Kingdom
538517,20676,RED RETROSPOT BOWL,5,2010-12-13,1.25,17618,United Kingdom
538567,20676,RED RETROSPOT BOWL,8,2010-12-13,1.25,13999,United Kingdom
538652,20676,RED RETROSPOT BOWL,6,2010-12-14,1.25,17890,United Kingdom
538799,20676,RED RETROSPOT BOWL,2,2010-12-14,1.25,15039,United Kingdom
539588,20676,RED RETROSPOT BOWL,2,2010-12-21,1.25,14527,United Kingdom
540023,20676,RED RETROSPOT BOWL,3,2011-01-05,1.25,15039,United Kingdom
540149,20676,RED RETROSPOT BOWL,8,2011-01-05,1.25,12921,United Kingdom
540176,20676,RED RETROSPOT BOWL,72,2011-01-06,1.06,17511,United Kingdom
540267,20676,RED RETROSPOT BOWL,72,2011-01-06,1.06,12415,Australia
540359,20676,RED RETROSPOT BOWL,12,2011-01-07,1.25,18041,United Kingdom
540372,20676,RED RETROSPOT BOWL,8,2011-01-07,1.25,13081,United Kingdom
540458,20676,RED RETROSPOT BOWL,8,2011-01-08,1.25,12501,Germany
540523,20676,RED RETROSPOT BOWL,2,2011-01-10,1.25,13069,United Kingdom
540971,20676,RED RETROSPOT BOWL,8,2011-01-13,1.25,12383,Belgium
540994,20676,RED RETROSPOT BOWL,8,2011-01-13,1.25,13089,United Kingdom
541206,20676,RED RETROSPOT BOWL,72,2011-01-15,1.06,14646,Netherlands
541216,20676,RED RETROSPOT BOWL,4,2011-01-15,1.25,15311,United Kingdom
541223,20676,RED RETROSPOT BOWL,4,2011-01-15,1.25,17954,United Kingdom
541239,20676,RED RETROSPOT BOWL,36,2011-01-16,1.25,16401,United Kingdom
541293,20676,RED RETROSPOT BOWL,1,2011-01-18,1.25,15311,United Kingdom
541523,20676,RED RETROSPOT BOWL,1,2011-01-19,1.25,17708,United Kingdom
541569,20676,RED RETROSPOT BOWL,16,2011-01-20,1.25,13520,Switzerland
541575,20676,RED RETROSPOT BOWL,12,2011-01-20,1.25,15311,United Kingdom
541800,20676,RED RETROSPOT BOWL,8,2011-01-22,1.25,15235,United Kingdom
536733,20677,PINK POLKADOT BOWL,8,2010-12-03,1.25,15738,United Kingdom
536858,20677,PINK POLKADOT BOWL,16,2010-12-03,1.25,13520,Switzerland
537126,20677,PINK POLKADOT BOWL,1,2010-12-06,1.25,18118,United Kingdom
537212,20677,PINK POLKADOT BOWL,8,2010-12-06,1.25,12720,Germany
537457,20677,PINK POLKADOT BOWL,72,2010-12-07,1.06,17511,United Kingdom
537808,20677,PINK POLKADOT BOWL,3,2010-12-09,1.25,15311,United Kingdom
538210,20677,PINK POLKADOT BOWL,8,2010-12-10,1.25,14256,United Kingdom
538567,20677,PINK POLKADOT BOWL,8,2010-12-13,1.25,13999,United Kingdom
538652,20677,PINK POLKADOT BOWL,6,2010-12-14,1.25,17890,United Kingdom
538799,20677,PINK POLKADOT BOWL,2,2010-12-14,1.25,15039,United Kingdom
538855,20677,PINK POLKADOT BOWL,8,2010-12-15,1.25,16503,United Kingdom
538951,20677,PINK POLKADOT BOWL,1,2010-12-15,1.25,16782,United Kingdom
539561,20677,PINK POLKADOT BOWL,72,2010-12-20,1.06,16422,United Kingdom
539982,20677,PINK POLKADOT BOWL,1,2010-12-24,1.25,15311,United Kingdom
540023,20677,PINK POLKADOT BOWL,12,2011-01-05,1.25,15039,United Kingdom
540267,20677,PINK POLKADOT BOWL,72,2011-01-06,1.06,12415,Australia
540458,20677,PINK POLKADOT BOWL,8,2011-01-08,1.25,12501,Germany
540481,20677,PINK POLKADOT BOWL,24,2011-01-08,1.25,16955,United Kingdom
540866,20677,PINK POLKADOT BOWL,32,2011-01-12,1.25,17324,United Kingdom
540971,20677,PINK POLKADOT BOWL,8,2011-01-13,1.25,12383,Belgium
541523,20677,PINK POLKADOT BOWL,1,2011-01-19,1.25,17708,United Kingdom
541575,20677,PINK POLKADOT BOWL,12,2011-01-20,1.25,15311,United Kingdom
541711,20677,PINK POLKADOT BOWL,24,2011-01-21,1.25,14646,Netherlands
536373,20679,EDWARDIAN PARASOL RED,6,2010-12-01,4.95,17850,United Kingdom
536375,20679,EDWARDIAN PARASOL RED,6,2010-12-01,4.95,17850,United Kingdom
536396,20679,EDWARDIAN PARASOL RED,6,2010-12-01,4.95,17850,United Kingdom
536406,20679,EDWARDIAN PARASOL RED,6,2010-12-01,4.95,17850,United Kingdom
536531,20679,EDWARDIAN PARASOL RED,12,2010-12-02,5.95,15485,United Kingdom
536595,20679,EDWARDIAN PARASOL RED,1,2010-12-02,5.95,13576,United Kingdom
536749,20679,EDWARDIAN PARASOL RED,2,2010-12-03,5.95,17976,United Kingdom
536750,20679,EDWARDIAN PARASOL RED,6,2010-12-03,4.95,17850,United Kingdom
536752,20679,EDWARDIAN PARASOL RED,6,2010-12-03,4.95,17850,United Kingdom
536790,20679,EDWARDIAN PARASOL RED,6,2010-12-03,4.95,17850,United Kingdom
536804,20679,EDWARDIAN PARASOL RED,12,2010-12-03,5.95,14031,United Kingdom
536974,20679,EDWARDIAN PARASOL RED,6,2010-12-04,5.95,12682,France
537042,20679,EDWARDIAN PARASOL RED,1,2010-12-05,5.95,13838,United Kingdom
537081,20679,EDWARDIAN PARASOL RED,12,2010-12-06,5.95,15332,Lithuania
537614,20679,EDWARDIAN PARASOL RED,2,2010-12-08,5.95,16904,United Kingdom
538093,20679,EDWARDIAN PARASOL RED,12,2010-12-10,5.95,12682,France
538248,20679,EDWARDIAN PARASOL RED,2,2010-12-11,5.95,18116,United Kingdom
538255,20679,EDWARDIAN PARASOL RED,3,2010-12-11,5.95,14911,EIRE
538352,20679,EDWARDIAN PARASOL RED,3,2010-12-11,5.95,16565,United Kingdom
538514,20679,EDWARDIAN PARASOL RED,1,2010-12-13,5.95,15044,United Kingdom
538592,20679,EDWARDIAN PARASOL RED,4,2010-12-13,5.95,15854,United Kingdom
538839,20679,EDWARDIAN PARASOL RED,2,2010-12-15,5.95,14606,United Kingdom
539295,20679,EDWARDIAN PARASOL RED,4,2010-12-17,5.95,13767,United Kingdom
539320,20679,EDWARDIAN PARASOL RED,6,2010-12-17,5.95,14911,EIRE
539327,20679,EDWARDIAN PARASOL RED,12,2010-12-17,5.95,12600,Germany
539456,20679,EDWARDIAN PARASOL RED,1,2010-12-18,5.95,16885,United Kingdom
539610,20679,EDWARDIAN PARASOL RED,1,2010-12-21,5.95,14606,United Kingdom
539988,20679,EDWARDIAN PARASOL RED,2,2010-12-24,5.95,18116,United Kingdom
540239,20679,EDWARDIAN PARASOL RED,9,2011-01-06,5.95,12682,France
540365,20679,EDWARDIAN PARASOL RED,3,2011-01-07,5.95,12413,France
540372,20679,EDWARDIAN PARASOL RED,3,2011-01-07,5.95,13081,United Kingdom
540396,20679,EDWARDIAN PARASOL RED,12,2011-01-07,5.95,14031,United Kingdom
540402,20679,EDWARDIAN PARASOL RED,3,2011-01-07,5.95,16567,United Kingdom
540407,20679,EDWARDIAN PARASOL RED,6,2011-01-07,5.95,16839,United Kingdom
540458,20679,EDWARDIAN PARASOL RED,3,2011-01-08,5.95,12501,Germany
540504,20679,EDWARDIAN PARASOL RED,4,2011-01-09,5.95,13668,United Kingdom
540568,20679,EDWARDIAN PARASOL RED,1,2011-01-10,5.95,15039,United Kingdom
541121,20679,EDWARDIAN PARASOL RED,3,2011-01-14,5.95,12672,France
541225,20679,EDWARDIAN PARASOL RED,2,2011-01-15,5.95,14099,United Kingdom
541226,20679,EDWARDIAN PARASOL RED,6,2011-01-15,5.95,15854,United Kingdom
541265,20679,EDWARDIAN PARASOL RED,1,2011-01-17,5.95,17609,United Kingdom
541279,20679,EDWARDIAN PARASOL RED,3,2011-01-17,5.95,18223,United Kingdom
541282,20679,EDWARDIAN PARASOL RED,12,2011-01-18,5.95,17690,United Kingdom
541289,20679,EDWARDIAN PARASOL RED,1,2011-01-18,5.95,14606,United Kingdom
541680,20679,EDWARDIAN PARASOL RED,60,2011-01-21,4.95,14062,United Kingdom
536846,20681,PINK POLKADOT CHILDRENS UMBRELLA,2,2010-12-03,3.25,14573,United Kingdom
537057,20681,PINK POLKADOT CHILDRENS UMBRELLA,2,2010-12-05,3.25,15351,United Kingdom
537081,20681,PINK POLKADOT CHILDRENS UMBRELLA,6,2010-12-06,3.25,15332,Lithuania
537463,20681,PINK POLKADOT CHILDRENS UMBRELLA,6,2010-12-07,3.25,12681,France
538077,20681,PINK POLKADOT CHILDRENS UMBRELLA,1,2010-12-10,3.25,14667,United Kingdom
538437,20681,PINK POLKADOT CHILDRENS UMBRELLA,1,2010-12-13,3.25,16010,United Kingdom
538811,20681,PINK POLKADOT CHILDRENS UMBRELLA,6,2010-12-15,3.25,13178,United Kingdom
539551,20681,PINK POLKADOT CHILDRENS UMBRELLA,6,2010-12-20,3.25,12721,France
539579,20681,PINK POLKADOT CHILDRENS UMBRELLA,2,2010-12-21,3.25,16713,United Kingdom
539654,20681,PINK POLKADOT CHILDRENS UMBRELLA,4,2010-12-21,3.25,17340,United Kingdom
540410,20681,PINK POLKADOT CHILDRENS UMBRELLA,6,2011-01-07,3.25,12530,Germany
540473,20681,PINK POLKADOT CHILDRENS UMBRELLA,1,2011-01-08,3.25,17284,United Kingdom
540687,20681,PINK POLKADOT CHILDRENS UMBRELLA,2,2011-01-11,3.25,15867,United Kingdom
540798,20681,PINK POLKADOT CHILDRENS UMBRELLA,3,2011-01-12,3.25,17365,United Kingdom
540953,20681,PINK POLKADOT CHILDRENS UMBRELLA,2,2011-01-13,3.25,14587,United Kingdom
541485,20681,PINK POLKADOT CHILDRENS UMBRELLA,1,2011-01-19,3.25,18118,United Kingdom
536597,20682,RED RETROSPOT CHILDRENS UMBRELLA,1,2010-12-02,3.25,18011,United Kingdom
536851,20682,RED RETROSPOT CHILDRENS UMBRELLA,24,2010-12-03,3.25,12967,United Kingdom
537081,20682,RED RETROSPOT CHILDRENS UMBRELLA,6,2010-12-06,3.25,15332,Lithuania
537463,20682,RED RETROSPOT CHILDRENS UMBRELLA,6,2010-12-07,3.25,12681,France
537628,20682,RED RETROSPOT CHILDRENS UMBRELLA,6,2010-12-08,3.25,16293,United Kingdom
538077,20682,RED RETROSPOT CHILDRENS UMBRELLA,1,2010-12-10,3.25,14667,United Kingdom
538196,20682,RED RETROSPOT CHILDRENS UMBRELLA,24,2010-12-10,3.25,12731,France
538437,20682,RED RETROSPOT CHILDRENS UMBRELLA,1,2010-12-13,3.25,16010,United Kingdom
538811,20682,RED RETROSPOT CHILDRENS UMBRELLA,6,2010-12-15,3.25,13178,United Kingdom
538841,20682,RED RETROSPOT CHILDRENS UMBRELLA,1,2010-12-15,3.25,16899,United Kingdom
539551,20682,RED RETROSPOT CHILDRENS UMBRELLA,6,2010-12-20,3.25,12721,France
539579,20682,RED RETROSPOT CHILDRENS UMBRELLA,2,2010-12-21,3.25,16713,United Kingdom
539654,20682,RED RETROSPOT CHILDRENS UMBRELLA,6,2010-12-21,3.25,17340,United Kingdom
539993,20682,RED RETROSPOT CHILDRENS UMBRELLA,6,2011-01-04,3.25,13313,United Kingdom
540178,20682,RED RETROSPOT CHILDRENS UMBRELLA,6,2011-01-06,3.25,12681,France
540353,20682,RED RETROSPOT CHILDRENS UMBRELLA,2,2011-01-07,3.25,13764,United Kingdom
540372,20682,RED RETROSPOT CHILDRENS UMBRELLA,6,2011-01-07,3.25,13081,United Kingdom
540410,20682,RED RETROSPOT CHILDRENS UMBRELLA,6,2011-01-07,3.25,12530,Germany
540473,20682,RED RETROSPOT CHILDRENS UMBRELLA,1,2011-01-08,3.25,17284,United Kingdom
540798,20682,RED RETROSPOT CHILDRENS UMBRELLA,3,2011-01-12,3.25,17365,United Kingdom
540953,20682,RED RETROSPOT CHILDRENS UMBRELLA,2,2011-01-13,3.25,14587,United Kingdom
540968,20682,RED RETROSPOT CHILDRENS UMBRELLA,2,2011-01-13,3.25,17338,United Kingdom
541138,20682,RED RETROSPOT CHILDRENS UMBRELLA,6,2011-01-14,3.25,12553,France
541631,20682,RED RETROSPOT CHILDRENS UMBRELLA,6,2011-01-20,3.25,12637,France
541789,20682,RED RETROSPOT CHILDRENS UMBRELLA,18,2011-01-22,2.75,14088,United Kingdom
537126,20684,STRAWBERRY DREAM CHILDS UMBRELLA,1,2010-12-06,3.25,18118,United Kingdom
538207,20684,STRAWBERRY DREAM CHILDS UMBRELLA,1,2010-12-10,3.25,12748,United Kingdom
540798,20684,STRAWBERRY DREAM CHILDS UMBRELLA,3,2011-01-12,3.25,17365,United Kingdom
541370,20684,STRAWBERRY DREAM CHILDS UMBRELLA,6,2011-01-18,3.25,18179,United Kingdom
541631,20684,STRAWBERRY DREAM CHILDS UMBRELLA,6,2011-01-20,3.25,12637,France
536408,20685,DOORMAT RED RETROSPOT,2,2010-12-01,7.95,14307,United Kingdom
536532,20685,DOORMAT RED RETROSPOT,2,2010-12-02,7.95,12433,Norway
536535,20685,DOORMAT RED RETROSPOT,2,2010-12-02,7.95,15605,United Kingdom
536560,20685,DOORMAT RED RETROSPOT,20,2010-12-02,6.75,13093,United Kingdom
536562,20685,DOORMAT RED RETROSPOT,2,2010-12-02,7.95,13468,United Kingdom
536783,20685,DOORMAT RED RETROSPOT,30,2010-12-03,6.75,15061,United Kingdom
536784,20685,DOORMAT RED RETROSPOT,20,2010-12-03,6.75,15061,United Kingdom
536839,20685,DOORMAT RED RETROSPOT,5,2010-12-03,7.95,15093,United Kingdom
536987,20685,DOORMAT RED RETROSPOT,2,2010-12-04,7.95,17198,United Kingdom
537140,20685,DOORMAT RED RETROSPOT,1,2010-12-06,7.95,12748,United Kingdom
537198,20685,DOORMAT RED RETROSPOT,10,2010-12-06,6.75,12647,Germany
537202,20685,DOORMAT RED RETROSPOT,1,2010-12-06,7.95,14506,United Kingdom
537224,20685,DOORMAT RED RETROSPOT,1,2010-12-06,7.95,13174,United Kingdom
537256,20685,DOORMAT RED RETROSPOT,10,2010-12-06,6.75,16210,United Kingdom
537262,20685,DOORMAT RED RETROSPOT,1,2010-12-06,7.95,15039,United Kingdom
537346,20685,DOORMAT RED RETROSPOT,2,2010-12-07,7.95,15301,United Kingdom
537428,20685,DOORMAT RED RETROSPOT,2,2010-12-07,7.95,17320,United Kingdom
537464,20685,DOORMAT RED RETROSPOT,2,2010-12-07,7.95,14907,United Kingdom
